Wallet_ID,Label,Note
W0000027,illicit,seed_known_associated_with_hack
W0000103,illicit,seed_known_associated_with_hack
W0000384,illicit,seed_known_associated_with_hack
W0000512,illicit,seed_known_associated_with_hack
W0001732,illicit,seed_known_associated_with_hack
W0002197,illicit,seed_known_associated_with_hack
W0002262,illicit,seed_known_associated_with_hack
W0002604,illicit,seed_known_associated_with_hack
W0002886,illicit,seed_known_associated_with_hack
W0003017,illicit,seed_known_associated_with_hack
W0003472,illicit,seed_known_associated_with_hack
W0003627,illicit,seed_known_associated_with_hack
